,Equal Weight,Minimum Volatility,CVaR 95%
СберБанк,0.14285714285714285,0.17251495580303777,0.2037673773466977
Белинвестбанк,0.14285714285714285,0.028751334871728873,0.19427156857251626
Приорбанк,0.14285714285714285,0.2631595458486351,0.0
МАПИД,0.14285714285714285,0.07292983295073864,0.06532055988974034
СлуцкСахарКомб,0.14285714285714285,0.1721613974347374,0.0
Трест-35,0.14285714285714285,0.04724710976523939,0.2946171334604159
Минскпромстрой,0.14285714285714285,0.24323582332588284,0.24202336073062986
